{"cameraMode":{"drawMode":0,"name":"Shaded","section":"Shading Mode"},"sceneLighting":true,"audioPlay":false,"sceneViewState":{"showFog":true,"showMaterialUpdate":false,"showSkybox":true,"showFlares":true,"showImageEffects":true,"showParticleSystems":true},"in2DMode":false,"pivot":{"x":-22.404926300048829,"y":8.075142860412598,"z":29.9622859954834},"rotation":{"x":0.4804500341415405,"y":-0.5194289088249207,"z":0.490603506565094,"w":0.5085957646369934},"size":35.758583068847659,"orthographic":false}