{"cameraMode":{"drawMode":0,"name":"Shaded","section":"Shading Mode"},"sceneLighting":false,"audioPlay":false,"sceneViewState":{"showFog":true,"showMaterialUpdate":false,"showSkybox":false,"showFlares":true,"showImageEffects":true,"showParticleSystems":true},"in2DMode":false,"pivot":{"x":-4.300788402557373,"y":0.6171283721923828,"z":12.359582901000977},"rotation":{"x":-0.7291122674942017,"y":0.06749291718006134,"z":-0.07260029762983322,"w":-0.6771774888038635},"size":7.937812328338623,"orthographic":false}