{"cameraMode":{"drawMode":0,"name":"Shaded","section":"Shading Mode"},"sceneLighting":false,"audioPlay":false,"sceneViewState":{"showFog":true,"showMaterialUpdate":false,"showSkybox":false,"showFlares":true,"showImageEffects":true,"showParticleSystems":true},"in2DMode":false,"pivot":{"x":-4.983129024505615,"y":0.8085064888000488,"z":14.669723510742188},"rotation":{"x":-0.6127405166625977,"y":0.12326255440711975,"z":-0.09745761007070542,"w":-0.7745046019554138},"size":8.668289184570313,"orthographic":false}