{"cameraMode":{"drawMode":0,"name":"Shaded","section":"Shading Mode"},"sceneLighting":true,"audioPlay":false,"sceneViewState":{"showFog":true,"showMaterialUpdate":false,"showSkybox":true,"showFlares":true,"showImageEffects":true,"showParticleSystems":true},"in2DMode":false,"pivot":{"x":-0.9041606783866882,"y":1.430917739868164,"z":-2.218959331512451},"rotation":{"x":-0.2087709754705429,"y":0.6901029944419861,"z":-0.21916551887989045,"w":-0.6573728322982788},"size":9.976051330566407,"orthographic":false}