{"cameraMode":{"drawMode":0,"name":"Shaded","section":"Shading Mode"},"sceneLighting":true,"audioPlay":false,"sceneViewState":{"showFog":true,"showMaterialUpdate":false,"showSkybox":true,"showFlares":true,"showImageEffects":true,"showParticleSystems":true},"in2DMode":false,"pivot":{"x":-10.689788818359375,"y":3.839479923248291,"z":21.353485107421876},"rotation":{"x":0.09581606835126877,"y":-0.8973936438560486,"z":0.24054192006587983,"w":0.35727235674858096},"size":26.50527000427246,"orthographic":false}