{"cameraMode":{"drawMode":0,"name":"Shaded","section":"Shading Mode"},"sceneLighting":true,"audioPlay":false,"sceneViewState":{"showFog":true,"showMaterialUpdate":false,"showSkybox":false,"showFlares":true,"showImageEffects":true,"showParticleSystems":true},"in2DMode":false,"pivot":{"x":-0.8999999761581421,"y":1.350000023841858,"z":0.0},"rotation":{"x":-0.22278530895709992,"y":0.7486975789070129,"z":-0.30671441555023196,"w":-0.5438244938850403},"size":3.6374921798706056,"orthographic":false}