{"cameraMode":{"drawMode":0,"name":"Shaded","section":"Shading Mode"},"sceneLighting":true,"audioPlay":false,"sceneViewState":{"showFog":true,"showMaterialUpdate":false,"showSkybox":true,"showFlares":true,"showImageEffects":true,"showParticleSystems":true},"in2DMode":false,"pivot":{"x":-2.786932945251465,"y":1.3462998867034913,"z":3.779212713241577},"rotation":{"x":0.25933724641799929,"y":0.7391297221183777,"z":-0.4114387333393097,"w":0.46599307656288149},"size":18.32341766357422,"orthographic":false}