{"cameraMode":{"drawMode":0,"name":"Shaded","section":"Shading Mode"},"sceneLighting":false,"audioPlay":false,"sceneViewState":{"showFog":true,"showMaterialUpdate":false,"showSkybox":false,"showFlares":true,"showImageEffects":true,"showParticleSystems":true},"in2DMode":false,"pivot":{"x":-5.399999618530273,"y":0.8999998569488525,"z":3.6000001430511476},"rotation":{"x":-0.014397219754755497,"y":-0.6313151121139526,"z":0.7753034234046936,"w":-0.011775820516049862},"size":9.061078071594239,"orthographic":false}