{"cameraMode":{"drawMode":0,"name":"Shaded","section":"Shading Mode"},"sceneLighting":false,"audioPlay":false,"sceneViewState":{"showFog":true,"showMaterialUpdate":true,"showSkybox":true,"showFlares":true,"showImageEffects":true,"showParticleSystems":true},"in2DMode":false,"pivot":{"x":7.903594970703125,"y":-11.746179580688477,"z":-1.6304467916488648},"rotation":{"x":-0.19434422254562379,"y":-0.7540294528007507,"z":0.25575822591781618,"w":-0.5729719400405884},"size":33.72423553466797,"orthographic":false}