{"cameraMode":{"drawMode":0,"name":"Shaded","section":"Shading Mode"},"sceneLighting":false,"audioPlay":false,"sceneViewState":{"showFog":true,"showMaterialUpdate":true,"showSkybox":false,"showFlares":true,"showImageEffects":true,"showParticleSystems":true},"in2DMode":false,"pivot":{"x":-0.8999999165534973,"y":0.8999999761581421,"z":-0.9000000953674316},"rotation":{"x":0.010647092014551163,"y":-0.9256917834281921,"z":0.37727874517440798,"w":0.026115786284208299},"size":9.737796783447266,"orthographic":false}